date,supply_type,used_units,inventory_level
2025-01-01,Supply_1,35.26956293618956,964.7304370638104
2025-01-01,Supply_2,25.677061147467462,974.3229388525325
2025-01-01,Supply_3,55.136124673148,944.863875326852
2025-01-01,Supply_4,35.454317120293894,964.5456828797061
2025-01-01,Supply_5,43.39750153306328,956.6024984669367
2025-01-01,Supply_6,30.841980719417897,969.1580192805822
2025-01-01,Supply_7,35.80879275536538,964.1912072446346
2025-01-01,Supply_8,21.823813956273945,978.176186043726
2025-01-01,Supply_9,46.290263402975576,953.7097365970244
2025-01-01,Supply_10,51.2628498450595,948.7371501549405
2025-01-02,Supply_1,28.83634026753173,971.1636597324683
2025-01-02,Supply_2,43.002165370319005,956.9978346296809
2025-01-02,Supply_3,40.42502833909587,959.5749716609041
2025-01-02,Supply_4,56.81618638890811,943.1838136110919
2025-01-02,Supply_5,34.726271127788316,965.2737288722117
2025-01-02,Supply_6,45.93649847819117,954.0635015218088
2025-01-02,Supply_7,59.52630799362897,940.473692006371
2025-01-02,Supply_8,65.0006963493479,934.9993036506521
2025-01-02,Supply_9,34.430512839786495,965.5694871602135
2025-01-02,Supply_10,48.17202582195311,951.8279741780469
2025-01-03,Supply_1,47.39202782168341,952.6079721783166
2025-01-03,Supply_2,29.325056298969287,970.6749437010308
2025-01-03,Supply_3,14.707000842871992,985.292999157128
2025-01-03,Supply_4,35.23937330573624,964.7606266942638
2025-01-03,Supply_5,21.998858162691835,978.0011418373082
2025-01-03,Supply_6,38.865963733987506,961.1340362660125
2025-01-03,Supply_7,18.045681428149475,981.9543185718505
2025-01-03,Supply_8,23.837418764205147,976.1625812357948
2025-01-03,Supply_9,18.149090731711393,981.8509092682887
2025-01-03,Supply_10,35.3544869070646,964.6455130929354
2025-01-04,Supply_1,55.937057137268525,944.0629428627315
2025-01-04,Supply_2,48.907943303966846,951.0920566960332
2025-01-04,Supply_3,54.09551579153253,945.9044842084675
2025-01-04,Supply_4,45.04307664686778,954.9569233531322
2025-01-04,Supply_5,61.30549940284976,938.6945005971502
2025-01-04,Supply_6,24.07687842708208,975.9231215729179
2025-01-04,Supply_7,52.9841772118609,947.0158227881391
2025-01-04,Supply_8,67.84225728036893,932.1577427196311
2025-01-04,Supply_9,32.97431253008617,967.0256874699138
2025-01-04,Supply_10,38.93657910973651,961.0634208902635
2025-01-05,Supply_1,16.242936605295522,983.7570633947045
2025-01-05,Supply_2,27.83156478814042,972.1684352118596
2025-01-05,Supply_3,26.01319316722745,973.9868068327726
2025-01-05,Supply_4,27.292382451918495,972.7076175480815
2025-01-05,Supply_5,31.40657349465162,968.5934265053484
2025-01-05,Supply_6,21.422750550413927,978.577249449586
2025-01-05,Supply_7,45.7152391743103,954.2847608256897
2025-01-05,Supply_8,71.4701638568222,928.5298361431778
2025-01-05,Supply_9,30.78247675824237,969.2175232417576
2025-01-05,Supply_10,28.562431561806864,971.4375684381931
2025-01-06,Supply_1,20.236446919845644,979.7635530801543
2025-01-06,Supply_2,45.07085068237209,954.9291493176279
2025-01-06,Supply_3,24.598619266586176,975.4013807334138
2025-01-06,Supply_4,33.68968225525464,966.3103177447454
2025-01-06,Supply_5,42.12911190853261,957.8708880914674
2025-01-06,Supply_6,24.11663243692051,975.8833675630794
2025-01-06,Supply_7,12.105492830657358,987.8945071693427
2025-01-06,Supply_8,16.826800852180366,983.1731991478197
2025-01-06,Supply_9,28.022894619439583,971.9771053805604
2025-01-06,Supply_10,28.98694009801522,971.0130599019848
2025-01-07,Supply_1,29.58450826496769,970.4154917350323
2025-01-07,Supply_2,22.62986239164061,977.3701376083594
2025-01-07,Supply_3,20.292694445992346,979.7073055540077
2025-01-07,Supply_4,45.19912697891986,954.8008730210802
2025-01-07,Supply_5,14.410554181983283,985.5894458180168
2025-01-07,Supply_6,19.065940137464825,980.9340598625352
2025-01-07,Supply_7,41.67607302815461,958.3239269718454
2025-01-07,Supply_8,30.32252295086975,969.6774770491303
2025-01-07,Supply_9,51.863729193565256,948.1362708064347
2025-01-07,Supply_10,,1000.0
2025-01-08,Supply_1,24.09355949210726,975.9064405078927
2025-01-08,Supply_2,24.037841243782964,975.962158756217
2025-01-08,Supply_3,30.596262865692715,969.4037371343073
2025-01-08,Supply_4,39.88125744469778,960.1187425553022
2025-01-08,Supply_5,27.417880231075607,972.5821197689244
2025-01-08,Supply_6,48.03961208197157,951.9603879180285
2025-01-08,Supply_7,28.75939309529295,971.2406069047071
2025-01-08,Supply_8,37.9603245806921,962.0396754193079
2025-01-08,Supply_9,37.77813090681608,962.221869093184
2025-01-08,Supply_10,,1000.0
2025-01-09,Supply_1,28.39642011924916,971.6035798807509
2025-01-09,Supply_2,50.92179709010662,949.0782029098934
2025-01-09,Supply_3,62.528176598457314,937.4718234015427
2025-01-09,Supply_4,55.667060813688394,944.3329391863116
2025-01-09,Supply_5,47.287580823385106,952.7124191766148
2025-01-09,Supply_6,32.58685274793905,967.413147252061
2025-01-09,Supply_7,45.629245827870115,954.3707541721299
2025-01-09,Supply_8,26.664562435626593,973.3354375643734
2025-01-09,Supply_9,37.979067350580735,962.0209326494193
2025-01-09,Supply_10,39.87547217528411,960.1245278247159
2025-01-10,Supply_1,51.918032461274066,948.081967538726
2025-01-10,Supply_2,48.8071515258833,951.1928484741167
2025-01-10,Supply_3,18.2309917233615,981.7690082766385
2025-01-10,Supply_4,20.588897285884627,979.4111027141154
2025-01-10,Supply_5,24.23319354152555,975.7668064584744
2025-01-10,Supply_6,44.13042300041493,955.8695769995851
2025-01-10,Supply_7,26.90665294596392,973.093347054036
2025-01-10,Supply_8,42.12972517518943,957.8702748248106
2025-01-10,Supply_9,51.06548962530643,948.9345103746936
2025-01-10,Supply_10,17.022903892940192,982.9770961070598
2025-01-11,Supply_1,29.83016054391638,970.1698394560837
2025-01-11,Supply_2,35.38633859390803,964.613661406092
2025-01-11,Supply_3,40.66715748498658,959.3328425150135
2025-01-11,Supply_4,38.95194263947568,961.0480573605244
2025-01-11,Supply_5,53.892982266450296,946.1070177335497
2025-01-11,Supply_6,54.862321413915566,945.1376785860845
2025-01-11,Supply_7,41.552262901050256,958.4477370989498
2025-01-11,Supply_8,35.9220195787209,964.0779804212791
2025-01-11,Supply_9,52.652970314003355,947.3470296859966
2025-01-11,Supply_10,50.2049231612736,949.7950768387263
2025-01-12,Supply_1,19.54092961480075,980.4590703851992
2025-01-12,Supply_2,36.78434066342626,963.2156593365737
2025-01-12,Supply_3,30.911699114145726,969.0883008858543
2025-01-12,Supply_4,39.75133621462919,960.2486637853708
2025-01-12,Supply_5,23.221288989768418,976.7787110102316
2025-01-12,Supply_6,49.47346449512191,950.5265355048781
2025-01-12,Supply_7,47.672445662261524,952.3275543377384
2025-01-12,Supply_8,45.92646188241021,954.0735381175898
2025-01-12,Supply_9,35.56581011741849,964.4341898825814
2025-01-12,Supply_10,16.09150645983591,983.908493540164
2025-01-13,Supply_1,26.457866239984785,973.5421337600152
2025-01-13,Supply_2,34.63677904880269,965.3632209511973
2025-01-13,Supply_3,20.826495014760837,979.1735049852391
2025-01-13,Supply_4,46.756409604982785,953.2435903950172
2025-01-13,Supply_5,63.27512333485335,936.7248766651467
2025-01-13,Supply_6,55.62367428772527,944.3763257122747
2025-01-13,Supply_7,55.490365804460204,944.5096341955398
2025-01-13,Supply_8,42.80468380816032,957.1953161918397
2025-01-13,Supply_9,21.74460212831005,978.25539787169
2025-01-13,Supply_10,38.6074791410755,961.3925208589245
2025-01-14,Supply_1,38.40702017752794,961.5929798224721
2025-01-14,Supply_2,36.960213751177115,963.0397862488229
2025-01-14,Supply_3,60.67893277420028,939.3210672257998
2025-01-14,Supply_4,22.305243824631837,977.6947561753682
2025-01-14,Supply_5,27.09448425990768,972.9055157400924
2025-01-14,Supply_6,57.31054579971109,942.6894542002889
2025-01-14,Supply_7,59.634034828372435,940.3659651716275
2025-01-14,Supply_8,16.430425908581864,983.5695740914182
2025-01-14,Supply_9,54.29255898439567,945.7074410156043
2025-01-14,Supply_10,25.32106435362301,974.678935646377
2025-01-15,Supply_1,40.012446328794205,959.9875536712058
2025-01-15,Supply_2,16.570793612654487,983.4292063873455
2025-01-15,Supply_3,34.34551337040962,965.6544866295903
2025-01-15,Supply_4,47.78334196757521,952.2166580324248
2025-01-15,Supply_5,35.3285793770166,964.6714206229834
2025-01-15,Supply_6,20.515276197460164,979.4847238025399
2025-01-15,Supply_7,38.51374829797276,961.4862517020273
2025-01-15,Supply_8,27.897697267438353,972.1023027325616
2025-01-15,Supply_9,27.781310612338228,972.2186893876618
2025-01-15,Supply_10,27.075533127478508,972.9244668725215
2025-01-16,Supply_1,53.90322333772488,946.0967766622751
2025-01-16,Supply_2,23.160068991135386,976.8399310088646
2025-01-16,Supply_3,65.66446040447366,934.3355395955264
2025-01-16,Supply_4,16.959977805972958,983.0400221940271
2025-01-16,Supply_5,50.61005494189005,949.3899450581099
2025-01-16,Supply_6,32.623805727077524,967.3761942729225
2025-01-16,Supply_7,48.970963808324136,951.0290361916759
2025-01-16,Supply_8,27.357097296202024,972.642902703798
2025-01-16,Supply_9,41.822275565945425,958.1777244340545
2025-01-16,Supply_10,16.510144718786826,983.4898552812132
2025-01-17,Supply_1,35.37384428597466,964.6261557140253
2025-01-17,Supply_2,35.47374187508092,964.5262581249191
2025-01-17,Supply_3,27.33331477459337,972.6666852254066
2025-01-17,Supply_4,31.46306689433364,968.5369331056663
2025-01-17,Supply_5,45.346339496202326,954.6536605037977
2025-01-17,Supply_6,23.7811926177199,976.2188073822801
2025-01-17,Supply_7,14.098775445314411,985.9012245546855
2025-01-17,Supply_8,23.484541126347448,976.5154588736525
2025-01-17,Supply_9,19.357520684991197,980.6424793150088
2025-01-17,Supply_10,36.309724068883284,963.6902759311167
2025-01-18,Supply_1,43.83307545669839,956.1669245433017
2025-01-18,Supply_2,54.23097042167725,945.7690295783227
2025-01-18,Supply_3,23.878175834281404,976.1218241657186
2025-01-18,Supply_4,46.7733690763867,953.2266309236134
2025-01-18,Supply_5,24.95692616035082,975.0430738396492
2025-01-18,Supply_6,42.91662802441594,957.0833719755841
2025-01-18,Supply_7,27.075347102724006,972.924652897276
2025-01-18,Supply_8,16.77390027949416,983.2260997205059
2025-01-18,Supply_9,25.538585539335767,974.4614144606643
2025-01-18,Supply_10,40.92644211911565,959.0735578808843
2025-01-19,Supply_1,24.164943095114282,975.8350569048857
2025-01-19,Supply_2,37.417700047757954,962.582299952242
2025-01-19,Supply_3,25.690698535674304,974.3093014643257
2025-01-19,Supply_4,23.957485252940778,976.0425147470593
2025-01-19,Supply_5,36.613204992534996,963.386795007465
2025-01-19,Supply_6,14.280610395319387,985.7193896046806
2025-01-19,Supply_7,17.921578264132087,982.0784217358679
2025-01-19,Supply_8,23.19375773372404,976.806242266276
2025-01-19,Supply_9,14.270008362306172,985.7299916376938
2025-01-19,Supply_10,53.03431796770095,946.965682032299
2025-01-20,Supply_1,46.17602889239003,953.82397110761
2025-01-20,Supply_2,49.9884243494619,950.0115756505381
2025-01-20,Supply_3,36.17395006339599,963.826049936604
2025-01-20,Supply_4,28.05989009460261,971.9401099053974
2025-01-20,Supply_5,44.197233220935445,955.8027667790645
2025-01-20,Supply_6,39.67158511155325,960.3284148884468
2025-01-20,Supply_7,38.147175110310386,961.8528248896896
2025-01-20,Supply_8,53.9184412278749,946.081558772125
2025-01-20,Supply_9,17.570703146733376,982.4292968532666
2025-01-20,Supply_10,52.047440949679135,947.9525590503208
2025-01-21,Supply_1,34.005108327393245,965.9948916726067
2025-01-21,Supply_2,39.87072551739423,960.1292744826058
2025-01-21,Supply_3,40.54213341216573,959.4578665878342
2025-01-21,Supply_4,36.35189867263421,963.6481013273658
2025-01-21,Supply_5,36.35275317435497,963.647246825645
2025-01-21,Supply_6,34.83648033692189,965.1635196630781
2025-01-21,Supply_7,19.121856271627113,980.8781437283728
2025-01-21,Supply_8,28.579172832070697,971.4208271679292
2025-01-21,Supply_9,21.361407064014696,978.6385929359853
2025-01-21,Supply_10,21.840232083740833,978.1597679162592
2025-01-22,Supply_1,24.48397393497034,975.5160260650297
2025-01-22,Supply_2,15.725687979166956,984.274312020833
2025-01-22,Supply_3,28.879495972665314,971.1205040273347
2025-01-22,Supply_4,22.982883047370343,977.0171169526296
2025-01-22,Supply_5,16.584263264562143,983.4157367354378
2025-01-22,Supply_6,21.7147808517353,978.2852191482647
2025-01-22,Supply_7,9.13517372174454,990.8648262782555
2025-01-22,Supply_8,23.492849282757607,976.5071507172424
2025-01-22,Supply_9,11.404398221459248,988.5956017785408
2025-01-22,Supply_10,15.028325066241539,984.9716749337584
2025-01-23,Supply_1,48.8153988353533,951.1846011646467
2025-01-23,Supply_2,47.66619769480308,952.333802305197
2025-01-23,Supply_3,16.192577832656387,983.8074221673436
2025-01-23,Supply_4,28.05435261906418,971.9456473809358
2025-01-23,Supply_5,32.33015595829574,967.6698440417042
2025-01-23,Supply_6,43.031548078747235,956.9684519212527
2025-01-23,Supply_7,41.53126349513751,958.4687365048625
2025-01-23,Supply_8,15.311668034315415,984.6883319656846
2025-01-23,Supply_9,28.72562065479445,971.2743793452056
2025-01-23,Supply_10,26.3307520390149,973.6692479609851
2025-01-24,Supply_1,17.12352935889908,982.8764706411009
2025-01-24,Supply_2,35.501849127495994,964.498150872504
2025-01-24,Supply_3,59.25427584053388,940.7457241594661
2025-01-24,Supply_4,41.73000177261797,958.2699982273821
2025-01-24,Supply_5,50.39086584204798,949.609134157952
2025-01-24,Supply_6,45.813535136869234,954.1864648631308
2025-01-24,Supply_7,19.818315180990556,980.1816848190094
2025-01-24,Supply_8,50.171767322999045,949.828232677001
2025-01-24,Supply_9,53.623910523236006,946.376089476764
2025-01-24,Supply_10,64.99817153386883,935.0018284661312
2025-01-25,Supply_1,45.14730072657715,954.8526992734229
2025-01-25,Supply_2,45.778084232973924,954.2219157670261
2025-01-25,Supply_3,41.43140669935621,958.5685933006438
2025-01-25,Supply_4,27.807248986280136,972.1927510137199
2025-01-25,Supply_5,27.486822888509224,972.5131771114908
2025-01-25,Supply_6,48.46740121599682,951.5325987840032
2025-01-25,Supply_7,46.07294029159423,953.9270597084057
2025-01-25,Supply_8,22.039479524242484,977.9605204757576
2025-01-25,Supply_9,,1000.0
2025-01-25,Supply_10,38.65004960504768,961.3499503949523
2025-01-26,Supply_1,36.86734006006681,963.1326599399332
2025-01-26,Supply_2,33.65294336663766,966.3470566333624
2025-01-26,Supply_3,32.33036442917972,967.6696355708203
2025-01-26,Supply_4,38.683685677394585,961.3163143226054
2025-01-26,Supply_5,13.244022399156814,986.7559776008432
2025-01-26,Supply_6,13.888349889551876,986.1116501104482
2025-01-26,Supply_7,41.05472157756448,958.9452784224355
2025-01-26,Supply_8,32.91708176982573,967.0829182301743
2025-01-26,Supply_9,41.62654947932005,958.37345052068
2025-01-26,Supply_10,13.968572561611815,986.0314274383882
2025-01-27,Supply_1,54.26532707777344,945.7346729222265
2025-01-27,Supply_2,57.07708764634835,942.9229123536517
2025-01-27,Supply_3,29.65010573264173,970.3498942673583
2025-01-27,Supply_4,44.1206519560449,955.8793480439551
2025-01-27,Supply_5,70.47709703702675,929.5229029629733
2025-01-27,Supply_6,50.54901061573769,949.4509893842624
2025-01-27,Supply_7,34.4333419276941,965.5666580723059
2025-01-27,Supply_8,41.0472162052916,958.9527837947084
2025-01-27,Supply_9,36.39838067472758,963.6016193252724
2025-01-27,Supply_10,29.954956773114866,970.0450432268851
2025-01-28,Supply_1,29.926558773874966,970.073441226125
2025-01-28,Supply_2,43.70706797152005,956.29293202848
2025-01-28,Supply_3,22.184226835629183,977.8157731643709
2025-01-28,Supply_4,31.790639234807372,968.2093607651926
2025-01-28,Supply_5,38.610749828114166,961.3892501718858
2025-01-28,Supply_6,50.48678343344576,949.5132165665542
2025-01-28,Supply_7,58.99973348380664,941.0002665161934
2025-01-28,Supply_8,51.23260691919025,948.7673930808097
2025-01-28,Supply_9,39.829053337007004,960.170946662993
2025-01-28,Supply_10,56.97930408276214,943.0206959172378
2025-01-29,Supply_1,19.804566230574558,980.1954337694254
2025-01-29,Supply_2,21.204110811784176,978.7958891882158
2025-01-29,Supply_3,56.98151007080551,943.0184899291945
2025-01-29,Supply_4,26.537359245908068,973.4626407540919
2025-01-29,Supply_5,19.87128407991154,980.1287159200884
2025-01-29,Supply_6,33.14757077798398,966.852429222016
2025-01-29,Supply_7,24.711462706745817,975.2885372932542
2025-01-29,Supply_8,26.653871969288197,973.3461280307118
2025-01-29,Supply_9,48.17485030237959,951.8251496976204
2025-01-29,Supply_10,22.264399509758096,977.735600490242
2025-01-30,Supply_1,32.65476406881267,967.3452359311873
2025-01-30,Supply_2,12.875680664342129,987.1243193356579
2025-01-30,Supply_3,23.459216931836824,976.5407830681631
2025-01-30,Supply_4,44.158485225969336,955.8415147740307
2025-01-30,Supply_5,41.71359698346934,958.2864030165307
2025-01-30,Supply_6,27.996826796216176,972.0031732037838
2025-01-30,Supply_7,60.00459238118296,939.995407618817
2025-01-30,Supply_8,46.564876465024916,953.4351235349751
2025-01-30,Supply_9,44.554097943296746,955.4459020567033
2025-01-30,Supply_10,54.53172989134324,945.4682701086567
2025-01-31,Supply_1,30.322502658209853,969.6774973417902
2025-01-31,Supply_2,97.10151656827132,902.8984834317287
2025-01-31,Supply_3,91.2618580323256,908.7381419676744
2025-01-31,Supply_4,69.35172996494212,930.6482700350579
2025-01-31,Supply_5,64.32824072461,935.6717592753901
2025-01-31,Supply_6,109.74537648250895,890.254623517491
2025-01-31,Supply_7,70.78343070454574,929.2165692954543
2025-01-31,Supply_8,102.33918748873565,897.6608125112643
2025-01-31,Supply_9,108.11719872851074,891.8828012714893
2025-01-31,Supply_10,44.483180404682415,955.5168195953175
2025-02-01,Supply_1,59.92238420115555,940.0776157988445
2025-02-01,Supply_2,45.863841271885356,954.1361587281147
2025-02-01,Supply_3,52.56196504787101,947.438034952129
2025-02-01,Supply_4,31.42989778995872,968.5701022100412
2025-02-01,Supply_5,20.371824832863826,979.6281751671362
2025-02-01,Supply_6,61.98042853322461,938.0195714667753
2025-02-01,Supply_7,30.17504618064685,969.8249538193531
2025-02-01,Supply_8,24.64880458346036,975.3511954165397
2025-02-01,Supply_9,71.33614112877503,928.663858871225
2025-02-01,Supply_10,33.3522774966144,966.6477225033856
2025-02-02,Supply_1,48.0655652911581,951.9344347088419
2025-02-02,Supply_2,55.10460321584987,944.8953967841501
2025-02-02,Supply_3,56.929057013115475,943.0709429868846
2025-02-02,Supply_4,38.547335245335354,961.4526647546646
2025-02-02,Supply_5,23.41892847084774,976.5810715291523
2025-02-02,Supply_6,44.387550784153255,955.6124492158467
2025-02-02,Supply_7,53.051430802525246,946.9485691974747
2025-02-02,Supply_8,33.560958270382535,966.4390417296174
2025-02-02,Supply_9,50.35607849045623,949.6439215095438
2025-02-02,Supply_10,44.14682166892688,955.8531783310731
2025-02-03,Supply_1,39.87210792576858,960.1278920742315
2025-02-03,Supply_2,98.15737937139932,901.8426206286007
2025-02-03,Supply_3,36.138148154721684,963.8618518452784
2025-02-03,Supply_4,75.69045787035375,924.3095421296463
2025-02-03,Supply_5,81.1374751562093,918.8625248437907
2025-02-03,Supply_6,78.05736429962484,921.9426357003751
2025-02-03,Supply_7,27.956196296390942,972.043803703609
2025-02-03,Supply_8,93.5201531105237,906.4798468894763
2025-02-03,Supply_9,93.06327859729676,906.9367214027033
2025-02-03,Supply_10,90.28315139326016,909.7168486067399
2025-02-04,Supply_1,73.40862789206594,926.591372107934
2025-02-04,Supply_2,108.95805496547659,891.0419450345235
2025-02-04,Supply_3,30.11820498613851,969.8817950138615
2025-02-04,Supply_4,77.76551117944331,922.2344888205566
2025-02-04,Supply_5,111.25472787430087,888.7452721256991
2025-02-04,Supply_6,48.88379152013943,951.1162084798606
2025-02-04,Supply_7,39.45288273762941,960.5471172623706
2025-02-04,Supply_8,98.47103201309297,901.528967986907
2025-02-04,Supply_9,89.05619608992784,910.9438039100721
2025-02-04,Supply_10,87.3545546907705,912.6454453092294
2025-02-05,Supply_1,48.10215759063235,951.8978424093676
2025-02-05,Supply_2,42.40515028309245,957.5948497169076
2025-02-05,Supply_3,44.871708541245255,955.1282914587548
2025-02-05,Supply_4,22.76337950047411,977.2366204995259
2025-02-05,Supply_5,60.7592861882134,939.2407138117866
2025-02-05,Supply_6,49.51940624366902,950.480593756331
2025-02-05,Supply_7,27.850839913326926,972.1491600866731
2025-02-05,Supply_8,26.16899057560439,973.8310094243956
2025-02-05,Supply_9,26.034279046598435,973.9657209534016
2025-02-05,Supply_10,33.59526421154869,966.4047357884513
2025-02-06,Supply_1,54.29538962216085,945.7046103778391
2025-02-06,Supply_2,52.73048246317983,947.2695175368202
2025-02-06,Supply_3,76.66603046601575,923.3339695339843
2025-02-06,Supply_4,40.03656907790152,959.9634309220985
2025-02-06,Supply_5,66.35765463921804,933.642345360782
2025-02-06,Supply_6,45.336958603325954,954.6630413966741
2025-02-06,Supply_7,62.00747625539554,937.9925237446045
2025-02-06,Supply_8,59.70660434817602,940.293395651824
2025-02-06,Supply_9,23.76893581712395,976.231064182876
2025-02-06,Supply_10,81.21046029127162,918.7895397087284
2025-02-07,Supply_1,103.63039026714338,896.3696097328566
2025-02-07,Supply_2,72.28553922042178,927.7144607795782
2025-02-07,Supply_3,,1000.0
2025-02-07,Supply_4,81.95270212498848,918.0472978750115
2025-02-07,Supply_5,28.400148234550567,971.5998517654494
2025-02-07,Supply_6,87.26094207586229,912.7390579241377
2025-02-07,Supply_7,39.478763177006996,960.521236822993
2025-02-07,Supply_8,85.47408228673191,914.5259177132681
2025-02-07,Supply_9,102.67633287202408,897.3236671279759
2025-02-07,Supply_10,67.85509571620256,932.1449042837975
2025-02-08,Supply_1,89.14044288036969,910.8595571196303
2025-02-08,Supply_2,35.26386073360544,964.7361392663945
2025-02-08,Supply_3,54.19619740013102,945.803802599869
2025-02-08,Supply_4,87.21381082049423,912.7861891795058
2025-02-08,Supply_5,64.9536210670011,935.0463789329989
2025-02-08,Supply_6,73.52347682654225,926.4765231734577
2025-02-08,Supply_7,66.65969745640032,933.3403025435997
2025-02-08,Supply_8,85.18125298707758,914.8187470129224
2025-02-08,Supply_9,55.40320440294405,944.5967955970559
2025-02-08,Supply_10,27.309696629535566,972.6903033704644
2025-02-09,Supply_1,36.65902018529266,963.3409798147073
2025-02-09,Supply_2,29.492109314549868,970.5078906854501
2025-02-09,Supply_3,41.79351464871907,958.2064853512809
2025-02-09,Supply_4,61.0680414842085,938.9319585157915
2025-02-09,Supply_5,34.003431593349674,965.9965684066503
2025-02-09,Supply_6,34.714660407158085,965.2853395928419
2025-02-09,Supply_7,34.407865534750606,965.5921344652494
2025-02-09,Supply_8,48.604497714282644,951.3955022857174
2025-02-09,Supply_9,25.53260965011356,974.4673903498864
2025-02-09,Supply_10,48.950106235299174,951.0498937647009
2025-02-10,Supply_1,53.39006122252956,946.6099387774705
2025-02-10,Supply_2,93.48408755429017,906.5159124457098
2025-02-10,Supply_3,75.15479832822042,924.8452016717796
2025-02-10,Supply_4,67.67538211081671,932.3246178891833
2025-02-10,Supply_5,82.04369692339097,917.9563030766091
2025-02-10,Supply_6,60.02292098278991,939.9770790172101
2025-02-10,Supply_7,85.76041453806769,914.2395854619323
2025-02-10,Supply_8,30.09866357120686,969.9013364287931
2025-02-10,Supply_9,93.12233316184943,906.8776668381506
2025-02-10,Supply_10,56.47962285558851,943.5203771444114
2025-02-11,Supply_1,80.3796839803952,919.6203160196048
2025-02-11,Supply_2,43.327765476369535,956.6722345236304
2025-02-11,Supply_3,31.130025992340915,968.869974007659
2025-02-11,Supply_4,66.38465068251341,933.6153493174866
2025-02-11,Supply_5,25.587869453033772,974.4121305469662
2025-02-11,Supply_6,74.04563670839228,925.9543632916077
2025-02-11,Supply_7,47.122947350235194,952.8770526497648
2025-02-11,Supply_8,31.266969267615984,968.733030732384
2025-02-11,Supply_9,49.71263498468769,950.2873650153123
2025-02-11,Supply_10,29.650691281584805,970.3493087184152
2025-02-12,Supply_1,77.57422841155378,922.4257715884462
2025-02-12,Supply_2,47.73527350434888,952.2647264956511
2025-02-12,Supply_3,,1000.0
2025-02-12,Supply_4,27.359965937419542,972.6400340625804
2025-02-12,Supply_5,68.5785820007123,931.4214179992877
2025-02-12,Supply_6,63.899760364214,936.100239635786
2025-02-12,Supply_7,26.35425736229138,973.6457426377086
2025-02-12,Supply_8,35.31998891645891,964.6800110835411
2025-02-12,Supply_9,51.03834128615196,948.961658713848
2025-02-12,Supply_10,26.492752515093624,973.5072474849064
2025-02-13,Supply_1,69.51928496188827,930.4807150381117
2025-02-13,Supply_2,43.77482587703426,956.2251741229658
2025-02-13,Supply_3,68.43464185920085,931.5653581407992
2025-02-13,Supply_4,37.789665999475815,962.2103340005242
2025-02-13,Supply_5,26.769382345986422,973.2306176540136
2025-02-13,Supply_6,26.799964413687018,973.200035586313
2025-02-13,Supply_7,25.609762281674953,974.390237718325
2025-02-13,Supply_8,,1000.0
2025-02-13,Supply_9,45.476563140223845,954.5234368597762
2025-02-13,Supply_10,42.38742327968228,957.6125767203177
2025-02-14,Supply_1,41.583510417212175,958.4164895827878
2025-02-14,Supply_2,104.99061285273203,895.009387147268
2025-02-14,Supply_3,63.01120313549089,936.9887968645091
2025-02-14,Supply_4,104.78690730505659,895.2130926949434
2025-02-14,Supply_5,78.50249471717865,921.4975052828213
2025-02-14,Supply_6,110.77456472308498,889.225435276915
2025-02-14,Supply_7,109.8223680193558,890.1776319806442
2025-02-14,Supply_8,56.61824696079477,943.3817530392053
2025-02-14,Supply_9,47.96050885795901,952.039491142041
2025-02-14,Supply_10,111.72938795821263,888.2706120417873
2025-02-15,Supply_1,85.86362828513772,914.1363717148623
2025-02-15,Supply_2,51.679019068255556,948.3209809317444
2025-02-15,Supply_3,55.87777251478996,944.12222748521
2025-02-15,Supply_4,80.04537866039456,919.9546213396054
2025-02-15,Supply_5,22.365771676117788,977.6342283238822
2025-02-15,Supply_6,67.35919415783806,932.640805842162
2025-02-15,Supply_7,51.40321951896716,948.5967804810329
2025-02-15,Supply_8,71.87937767408224,928.1206223259178
2025-02-15,Supply_9,75.5831153191297,924.4168846808703
2025-02-15,Supply_10,98.69707781298641,901.3029221870136
2025-02-16,Supply_1,34.4080356891135,965.5919643108865
2025-02-16,Supply_2,53.11345313839454,946.8865468616054
2025-02-16,Supply_3,45.712062013171284,954.2879379868288
2025-02-16,Supply_4,46.54824685001942,953.4517531499806
2025-02-16,Supply_5,69.61847832596324,930.3815216740368
2025-02-16,Supply_6,87.2143125572073,912.7856874427927
2025-02-16,Supply_7,59.65215539243433,940.3478446075657
2025-02-16,Supply_8,46.8059524845544,953.1940475154456
2025-02-16,Supply_9,87.06937196550068,912.9306280344994
2025-02-16,Supply_10,93.35857897295064,906.6414210270493
2025-02-17,Supply_1,55.660504348521904,944.339495651478
2025-02-17,Supply_2,33.05096236438315,966.9490376356168
2025-02-17,Supply_3,62.950308807596414,937.0496911924035
2025-02-17,Supply_4,55.655663361717025,944.3443366382829
2025-02-17,Supply_5,66.59385719878526,933.4061428012147
2025-02-17,Supply_6,63.88310844844016,936.1168915515599
2025-02-17,Supply_7,98.30105533789356,901.6989446621064
2025-02-17,Supply_8,102.476025202578,897.5239747974219
2025-02-17,Supply_9,81.28155728645217,918.7184427135478
2025-02-17,Supply_10,47.499952317596296,952.5000476824036
2025-02-18,Supply_1,85.37142561733897,914.628574382661
2025-02-18,Supply_2,28.33758843396752,971.6624115660325
2025-02-18,Supply_3,51.13036724862291,948.8696327513771
2025-02-18,Supply_4,30.985183802720016,969.01481619728
2025-02-18,Supply_5,47.34935092782802,952.650649072172
2025-02-18,Supply_6,50.26616624080035,949.7338337591997
2025-02-18,Supply_7,81.87189148172776,918.1281085182723
2025-02-18,Supply_8,66.30598397256341,933.6940160274366
2025-02-18,Supply_9,67.36956522610673,932.6304347738933
2025-02-18,Supply_10,27.012915108681277,972.9870848913188
2025-02-19,Supply_1,53.364816601855914,946.6351833981441
2025-02-19,Supply_2,51.511148942839554,948.4888510571604
2025-02-19,Supply_3,55.66654600054188,944.3334539994581
2025-02-19,Supply_4,27.37537849422813,972.6246215057719
2025-02-19,Supply_5,65.13886419971985,934.8611358002802
2025-02-19,Supply_6,22.727106265272667,977.2728937347273
2025-02-19,Supply_7,62.46163993370192,937.5383600662981
2025-02-19,Supply_8,65.61291679538448,934.3870832046155
2025-02-19,Supply_9,66.70317743405326,933.2968225659467
2025-02-19,Supply_10,57.59552418519686,942.4044758148032
2025-02-20,Supply_1,69.15870205885605,930.8412979411439
2025-02-20,Supply_2,72.42275216583566,927.5772478341644
2025-02-20,Supply_3,23.697728135562933,976.3022718644371
2025-02-20,Supply_4,53.58083155215251,946.4191684478475
2025-02-20,Supply_5,24.243397212400506,975.7566027875995
2025-02-20,Supply_6,53.784155325987435,946.2158446740126
2025-02-20,Supply_7,29.979201755591475,970.0207982444085
2025-02-20,Supply_8,57.89091316457021,942.1090868354298
2025-02-20,Supply_9,52.05380150496659,947.9461984950334
2025-02-20,Supply_10,35.658017946925625,964.3419820530744
2025-02-21,Supply_1,27.394587187122145,972.6054128128778
2025-02-21,Supply_2,59.113932595884236,940.8860674041158
2025-02-21,Supply_3,50.862293491637836,949.1377065083622
2025-02-21,Supply_4,40.12556977112094,959.8744302288791
2025-02-21,Supply_5,42.06450879404559,957.9354912059545
2025-02-21,Supply_6,38.77174774297232,961.2282522570276
2025-02-21,Supply_7,17.073865547581473,982.9261344524185
2025-02-21,Supply_8,34.786883659422806,965.2131163405772
2025-02-21,Supply_9,42.80818303683974,957.1918169631602
2025-02-21,Supply_10,67.73786479966621,932.2621352003338
2025-02-22,Supply_1,51.479411842890435,948.5205881571096
2025-02-22,Supply_2,68.38941199509937,931.6105880049006
2025-02-22,Supply_3,64.38836959958928,935.6116304004107
2025-02-22,Supply_4,80.11922388657663,919.8807761134234
2025-02-22,Supply_5,73.85648672002444,926.1435132799755
2025-02-22,Supply_6,46.51606553086842,953.4839344691316
2025-02-22,Supply_7,41.30392530812377,958.6960746918762
2025-02-22,Supply_8,100.07526525891048,899.9247347410895
2025-02-22,Supply_9,78.19066857872144,921.8093314212786
2025-02-22,Supply_10,90.34974456998553,909.6502554300145
2025-02-23,Supply_1,25.251671365101515,974.7483286348985
2025-02-23,Supply_2,84.98084816943299,915.019151830567
2025-02-23,Supply_3,34.10641931177169,965.8935806882283
2025-02-23,Supply_4,59.970032393046786,940.0299676069532
2025-02-23,Supply_5,62.96820912423974,937.0317908757603
2025-02-23,Supply_6,71.85683033926288,928.1431696607372
2025-02-23,Supply_7,63.507876448701346,936.4921235512986
2025-02-23,Supply_8,72.93342346467182,927.0665765353282
2025-02-23,Supply_9,33.8202753522578,966.1797246477422
2025-02-23,Supply_10,48.420647921536954,951.579352078463
2025-02-24,Supply_1,74.91299194563852,925.0870080543615
2025-02-24,Supply_2,49.09960935727375,950.9003906427263
2025-02-24,Supply_3,45.796993907802076,954.2030060921979
2025-02-24,Supply_4,,1000.0
2025-02-24,Supply_5,63.85376845055435,936.1462315494457
2025-02-24,Supply_6,30.618458536574916,969.381541463425
2025-02-24,Supply_7,80.34557094818764,919.6544290518124
2025-02-24,Supply_8,50.534621205799745,949.4653787942002
2025-02-24,Supply_9,73.91449541081916,926.0855045891808
2025-02-24,Supply_10,21.61271488667301,978.387285113327
2025-02-25,Supply_1,57.2935434839593,942.7064565160407
2025-02-25,Supply_2,108.51563890394993,891.4843610960501
2025-02-25,Supply_3,116.2693561854547,883.7306438145453
2025-02-25,Supply_4,80.14914643212938,919.8508535678707
2025-02-25,Supply_5,74.32462498203519,925.6753750179648
2025-02-25,Supply_6,84.39894565553952,915.6010543444605
2025-02-25,Supply_7,130.06688222691687,869.9331177730832
2025-02-25,Supply_8,121.53187235388489,878.4681276461151
2025-02-25,Supply_9,64.57753270286594,935.4224672971341
2025-02-25,Supply_10,71.54056900698679,928.4594309930133
2025-02-26,Supply_1,72.36830720309554,927.6316927969044
2025-02-26,Supply_2,64.28680286228645,935.7131971377136
2025-02-26,Supply_3,68.95037403529969,931.0496259647003
2025-02-26,Supply_4,89.06295911680431,910.9370408831957
2025-02-26,Supply_5,83.80680362541429,916.1931963745857
2025-02-26,Supply_6,91.20023546198351,908.7997645380165
2025-02-26,Supply_7,26.29436670859871,973.7056332914013
2025-02-26,Supply_8,56.296376536769735,943.7036234632303
2025-02-26,Supply_9,98.15018073915937,901.8498192608406
2025-02-26,Supply_10,36.87457186353874,963.1254281364612
2025-02-27,Supply_1,58.567983920530835,941.4320160794691
2025-02-27,Supply_2,21.815485960493426,978.1845140395066
2025-02-27,Supply_3,23.66614755108999,976.33385244891
2025-02-27,Supply_4,32.60159273863695,967.398407261363
2025-02-27,Supply_5,70.43318147621332,929.5668185237867
2025-02-27,Supply_6,32.09983210465753,967.9001678953425
2025-02-27,Supply_7,71.55476871499873,928.4452312850012
2025-02-27,Supply_8,38.877527192228335,961.1224728077717
2025-02-27,Supply_9,43.473482855870095,956.5265171441299
2025-02-27,Supply_10,50.404787043467316,949.5952129565327
2025-02-28,Supply_1,72.4768320640666,927.5231679359334
2025-02-28,Supply_2,82.29142619893702,917.708573801063
2025-02-28,Supply_3,66.33335089604795,933.6666491039521
2025-02-28,Supply_4,56.052822171127964,943.947177828872
2025-02-28,Supply_5,86.99039462976368,913.0096053702363
2025-02-28,Supply_6,59.50617241421185,940.4938275857882
2025-02-28,Supply_7,75.20982406582974,924.7901759341703
2025-02-28,Supply_8,62.58933569726673,937.4106643027333
2025-02-28,Supply_9,27.08171327345247,972.9182867265475
2025-02-28,Supply_10,22.813618461035304,977.1863815389647
2025-03-01,Supply_1,33.3667751321652,966.6332248678348
2025-03-01,Supply_2,47.23598582898875,952.7640141710112
2025-03-01,Supply_3,49.08743965942111,950.9125603405789
2025-03-01,Supply_4,37.82284276707968,962.1771572329203
2025-03-01,Supply_5,38.685639692917455,961.3143603070826
2025-03-01,Supply_6,18.973655462900982,981.026344537099
2025-03-01,Supply_7,41.67648448942604,958.323515510574
2025-03-01,Supply_8,52.23170884276446,947.7682911572356
2025-03-01,Supply_9,49.49197107109602,950.508028928904
2025-03-01,Supply_10,12.414232794000705,987.5857672059993
2025-03-02,Supply_1,72.73420341087512,927.2657965891249
2025-03-02,Supply_2,61.569345429622956,938.4306545703771
2025-03-02,Supply_3,67.01075081031273,932.9892491896873
2025-03-02,Supply_4,66.54462026384512,933.4553797361549
2025-03-02,Supply_5,48.92214892930258,951.0778510706974
2025-03-02,Supply_6,61.02189765834676,938.9781023416532
2025-03-02,Supply_7,25.984252861048255,974.0157471389517
2025-03-02,Supply_8,66.30343143608104,933.696568563919
2025-03-02,Supply_9,34.878008162492684,965.1219918375073
2025-03-02,Supply_10,24.399118653497208,975.6008813465028
2025-03-03,Supply_1,15.378911405442167,984.6210885945578
2025-03-03,Supply_2,22.509826818615974,977.4901731813841
2025-03-03,Supply_3,40.861653539289016,959.138346460711
2025-03-03,Supply_4,24.606442985634725,975.3935570143652
2025-03-03,Supply_5,13.831824083455677,986.1681759165443
2025-03-03,Supply_6,25.056612024503014,974.943387975497
2025-03-03,Supply_7,24.039384906446266,975.9606150935538
2025-03-03,Supply_8,33.71201442679956,966.2879855732004
2025-03-03,Supply_9,17.585691473269126,982.4143085267309
2025-03-03,Supply_10,17.0242885632627,982.9757114367374
2025-03-04,Supply_1,47.650174728438806,952.3498252715611
2025-03-04,Supply_2,43.21948892201718,956.7805110779829
2025-03-04,Supply_3,67.78424693943136,932.2157530605687
2025-03-04,Supply_4,27.972615172863637,972.0273848271364
2025-03-04,Supply_5,55.85126282701677,944.1487371729833
2025-03-04,Supply_6,25.83795068581448,974.1620493141855
2025-03-04,Supply_7,55.64823277043524,944.3517672295648
2025-03-04,Supply_8,56.53936837612024,943.4606316238797
2025-03-04,Supply_9,34.32942389173232,965.6705761082677
2025-03-04,Supply_10,70.66986264604888,929.3301373539512
2025-03-05,Supply_1,14.29739789159364,985.7026021084064
2025-03-05,Supply_2,26.003569499961934,973.9964305000381
2025-03-05,Supply_3,14.86049921880886,985.1395007811911
2025-03-05,Supply_4,40.70760350874649,959.2923964912535
2025-03-05,Supply_5,31.740877473088275,968.2591225269117
2025-03-05,Supply_6,31.87828688420874,968.1217131157913
2025-03-05,Supply_7,21.45739181378012,978.5426081862199
2025-03-05,Supply_8,26.340057193325066,973.659942806675
2025-03-05,Supply_9,18.77754577003868,981.2224542299613
2025-03-05,Supply_10,31.53839043179135,968.4616095682087
2025-03-06,Supply_1,25.243836443256484,974.7561635567436
2025-03-06,Supply_2,31.522910842908797,968.4770891570912
2025-03-06,Supply_3,36.163999653368904,963.8360003466311
2025-03-06,Supply_4,48.299946446322956,951.7000535536771
2025-03-06,Supply_5,25.605988168193143,974.3940118318069
2025-03-06,Supply_6,52.234265577438315,947.7657344225616
2025-03-06,Supply_7,40.11949569099035,959.8805043090097
2025-03-06,Supply_8,47.66549754131656,952.3345024586835
2025-03-06,Supply_9,16.39270129451358,983.6072987054864
2025-03-06,Supply_10,34.74382954973086,965.2561704502691
2025-03-07,Supply_1,41.31240750645423,958.6875924935458
2025-03-07,Supply_2,47.54667892506106,952.4533210749389
2025-03-07,Supply_3,60.5148886189259,939.4851113810741
2025-03-07,Supply_4,52.37841909600249,947.6215809039975
2025-03-07,Supply_5,25.125896268533168,974.8741037314668
2025-03-07,Supply_6,35.76631339308013,964.2336866069198
2025-03-07,Supply_7,58.56386461916042,941.4361353808396
2025-03-07,Supply_8,56.632889673551105,943.3671103264489
2025-03-07,Supply_9,29.953634653368432,970.0463653466315
2025-03-07,Supply_10,52.416102564383955,947.583897435616
2025-03-08,Supply_1,46.92798521024243,953.0720147897575
2025-03-08,Supply_2,28.326744411552742,971.6732555884472
2025-03-08,Supply_3,21.234335910466037,978.765664089534
2025-03-08,Supply_4,29.99276610595948,970.0072338940405
2025-03-08,Supply_5,40.56308871152775,959.4369112884723
2025-03-08,Supply_6,18.569473552658877,981.4305264473411
2025-03-08,Supply_7,44.11099391701198,955.889006082988
2025-03-08,Supply_8,32.566418800236754,967.4335811997632
2025-03-08,Supply_9,26.119222231300494,973.8807777686995
2025-03-08,Supply_10,38.82063754650606,961.1793624534939
2025-03-09,Supply_1,31.354822379614564,968.6451776203854
2025-03-09,Supply_2,50.78461486889617,949.2153851311039
2025-03-09,Supply_3,23.445358176082316,976.5546418239177
2025-03-09,Supply_4,24.292581595967405,975.7074184040326
2025-03-09,Supply_5,24.014493424810876,975.9855065751891
2025-03-09,Supply_6,64.19774479641347,935.8022552035866
2025-03-09,Supply_7,38.826543866600595,961.1734561333994
2025-03-09,Supply_8,47.10842611895296,952.8915738810471
2025-03-09,Supply_9,18.54744600463314,981.4525539953669
2025-03-09,Supply_10,38.719313044784,961.280686955216
2025-03-10,Supply_1,49.75916744602415,950.2408325539759
2025-03-10,Supply_2,17.80444879066792,982.195551209332
2025-03-10,Supply_3,29.035946107632114,970.9640538923679
2025-03-10,Supply_4,26.237951190459746,973.7620488095403
2025-03-10,Supply_5,27.89972873544887,972.1002712645511
2025-03-10,Supply_6,23.60909794370278,976.3909020562973
2025-03-10,Supply_7,60.036249924151996,939.963750075848
2025-03-10,Supply_8,21.410363092566932,978.589636907433
2025-03-10,Supply_9,24.277630880486747,975.7223691195132
2025-03-10,Supply_10,16.02249397864316,983.9775060213568
2025-03-11,Supply_1,19.61519419280455,980.3848058071954
2025-03-11,Supply_2,61.52766445051054,938.4723355494895
2025-03-11,Supply_3,47.566818519245,952.433181480755
2025-03-11,Supply_4,62.01260897075632,937.9873910292437
2025-03-11,Supply_5,20.13663812981955,979.8633618701805
2025-03-11,Supply_6,60.36446567835367,939.6355343216463
2025-03-11,Supply_7,44.93995490459474,955.0600450954053
2025-03-11,Supply_8,17.23849501344125,982.7615049865587
2025-03-11,Supply_9,56.44619130005972,943.5538086999403
2025-03-11,Supply_10,44.88789703026746,955.1121029697325
2025-03-12,Supply_1,39.91056727034028,960.0894327296597
2025-03-12,Supply_2,30.741458811910555,969.2585411880895
2025-03-12,Supply_3,20.621622950236357,979.3783770497637
2025-03-12,Supply_4,67.70319010796707,932.2968098920329
2025-03-12,Supply_5,41.288949346575784,958.7110506534242
2025-03-12,Supply_6,22.836815257440787,977.1631847425592
2025-03-12,Supply_7,27.748915154861777,972.2510848451382
2025-03-12,Supply_8,24.6836955093766,975.3163044906235
2025-03-12,Supply_9,44.35752450792738,955.6424754920727
2025-03-12,Supply_10,20.996332555201416,979.0036674447986
2025-03-13,Supply_1,36.12288949543331,963.8771105045666
2025-03-13,Supply_2,27.677844110720667,972.3221558892793
2025-03-13,Supply_3,78.82800012904009,921.1719998709599
2025-03-13,Supply_4,27.945823283363964,972.054176716636
2025-03-13,Supply_5,22.39508916679504,977.6049108332049
2025-03-13,Supply_6,44.01725946006142,955.9827405399386
2025-03-13,Supply_7,72.7306087642554,927.2693912357446
2025-03-13,Supply_8,79.08608503141333,920.9139149685867
2025-03-13,Supply_9,28.620751687636623,971.3792483123634
2025-03-13,Supply_10,71.99971192835905,928.000288071641
2025-03-14,Supply_1,17.2611312930604,982.7388687069396
2025-03-14,Supply_2,44.00298407805589,955.9970159219441
2025-03-14,Supply_3,24.64095976048987,975.3590402395101
2025-03-14,Supply_4,18.816037532385746,981.1839624676143
2025-03-14,Supply_5,22.24323949645369,977.7567605035463
2025-03-14,Supply_6,46.71061897962572,953.2893810203743
2025-03-14,Supply_7,39.251886558483626,960.7481134415164
2025-03-14,Supply_8,41.493485435006754,958.5065145649933
2025-03-14,Supply_9,39.78089230977089,960.2191076902291
2025-03-14,Supply_10,35.52654316291662,964.4734568370834
2025-03-15,Supply_1,25.470763091814575,974.5292369081855
2025-03-15,Supply_2,19.009480653421278,980.9905193465787
2025-03-15,Supply_3,42.31975053191797,957.680249468082
2025-03-15,Supply_4,53.6997888884548,946.3002111115452
2025-03-15,Supply_5,29.699229673302806,970.3007703266971
2025-03-15,Supply_6,16.348650338844703,983.6513496611553
2025-03-15,Supply_7,25.137373334224144,974.8626266657759
2025-03-15,Supply_8,41.93733505579181,958.0626649442082
2025-03-15,Supply_9,27.13230735326759,972.8676926467324
2025-03-15,Supply_10,37.03663275748895,962.963367242511
2025-03-16,Supply_1,37.034464942011645,962.9655350579884
2025-03-16,Supply_2,33.9978097800265,966.0021902199735
2025-03-16,Supply_3,37.23968666956393,962.760313330436
2025-03-16,Supply_4,64.5168169253898,935.4831830746102
2025-03-16,Supply_5,20.02925517644725,979.9707448235528
2025-03-16,Supply_6,31.165416867565863,968.8345831324341
2025-03-16,Supply_7,35.07721511911935,964.9227848808806
2025-03-16,Supply_8,69.6750012558375,930.3249987441625
2025-03-16,Supply_9,21.120440713475503,978.8795592865245
2025-03-16,Supply_10,28.067436174607863,971.9325638253921
2025-03-17,Supply_1,21.81257599782306,978.187424002177
2025-03-17,Supply_2,33.85639686594745,966.1436031340526
2025-03-17,Supply_3,58.455925377628006,941.544074622372
2025-03-17,Supply_4,28.546344133023503,971.4536558669765
2025-03-17,Supply_5,18.29455867332239,981.7054413266776
2025-03-17,Supply_6,19.89122548839777,980.1087745116022
2025-03-17,Supply_7,15.411475096422167,984.5885249035779
2025-03-17,Supply_8,38.72634203600218,961.2736579639978
2025-03-17,Supply_9,58.34922675876096,941.650773241239
2025-03-17,Supply_10,49.60951881285366,950.3904811871463
2025-03-18,Supply_1,49.484242104500275,950.5157578954997
2025-03-18,Supply_2,50.49465548123084,949.5053445187691
2025-03-18,Supply_3,56.44523601442053,943.5547639855795
2025-03-18,Supply_4,56.44728449857869,943.5527155014213
2025-03-18,Supply_5,24.351777088012717,975.6482229119873
2025-03-18,Supply_6,38.90530255353101,961.094697446469
2025-03-18,Supply_7,41.866708111265154,958.1332918887349
2025-03-18,Supply_8,67.75369091513545,932.2463090848646
2025-03-18,Supply_9,46.45461511169852,953.5453848883014
2025-03-18,Supply_10,48.07486893141494,951.9251310685851
2025-03-19,Supply_1,33.729487133469924,966.2705128665301
2025-03-19,Supply_2,18.193592749708916,981.806407250291
2025-03-19,Supply_3,14.641189599997698,985.3588104000023
2025-03-19,Supply_4,34.52065361185968,965.4793463881404
2025-03-19,Supply_5,43.70758132879367,956.2924186712063
2025-03-19,Supply_6,27.00643202581519,972.9935679741848
2025-03-19,Supply_7,35.10980244243372,964.8901975575662
2025-03-19,Supply_8,16.62599616645606,983.374003833544
2025-03-19,Supply_9,28.125185943402208,971.8748140565978
2025-03-19,Supply_10,39.62582603311235,960.3741739668876
2025-03-20,Supply_1,42.21280808290326,957.7871919170967
2025-03-20,Supply_2,61.702019540005786,938.2979804599942
2025-03-20,Supply_3,63.18265158742304,936.817348412577
2025-03-20,Supply_4,20.764293096973187,979.2357069030268
2025-03-20,Supply_5,46.24352346264539,953.7564765373546
2025-03-20,Supply_6,25.684600782160086,974.31539921784
2025-03-20,Supply_7,57.39810382658512,942.6018961734148
2025-03-20,Supply_8,58.3900184818192,941.6099815181808
2025-03-20,Supply_9,62.30973911792434,937.6902608820757
2025-03-20,Supply_10,48.754499978769594,951.2455000212304
2025-03-21,Supply_1,16.980609441024367,983.0193905589756
2025-03-21,Supply_2,17.148933648988116,982.8510663510119
2025-03-21,Supply_3,44.82292659782303,955.177073402177
2025-03-21,Supply_4,27.192338013080654,972.8076619869194
2025-03-21,Supply_5,,1000.0
2025-03-21,Supply_6,31.799201819104123,968.2007981808958
2025-03-21,Supply_7,28.442920740822732,971.5570792591773
2025-03-21,Supply_8,15.541883786133235,984.4581162138668
2025-03-21,Supply_9,36.51594970826901,963.484050291731
2025-03-21,Supply_10,12.884110740408845,987.1158892595912
2025-03-22,Supply_1,25.490878957023693,974.5091210429763
2025-03-22,Supply_2,24.245129986744026,975.754870013256
2025-03-22,Supply_3,38.158532484688436,961.8414675153116
2025-03-22,Supply_4,55.96161123523499,944.038388764765
2025-03-22,Supply_5,62.09588759718003,937.9041124028199
2025-03-22,Supply_6,45.62997206753958,954.3700279324604
2025-03-22,Supply_7,17.48498888751659,982.5150111124834
2025-03-22,Supply_8,42.31977969197643,957.6802203080235
2025-03-22,Supply_9,24.690251786782273,975.3097482132177
2025-03-22,Supply_10,56.3712841468874,943.6287158531126
2025-03-23,Supply_1,12.68042759959396,987.3195724004061
2025-03-23,Supply_2,37.353300584102776,962.6466994158973
2025-03-23,Supply_3,13.27882628131057,986.7211737186894
2025-03-23,Supply_4,36.54326998526948,963.4567300147305
2025-03-23,Supply_5,18.004892816801718,981.9951071831982
2025-03-23,Supply_6,42.241008838945554,957.7589911610545
2025-03-23,Supply_7,37.0015480762257,962.9984519237743
2025-03-23,Supply_8,44.855217019190775,955.1447829808092
2025-03-23,Supply_9,18.08378063086624,981.9162193691337
2025-03-23,Supply_10,41.055239509589605,958.9447604904104
2025-03-24,Supply_1,40.742179182080996,959.257820817919
2025-03-24,Supply_2,60.33366850233398,939.6663314976661
2025-03-24,Supply_3,38.01599622962778,961.9840037703722
2025-03-24,Supply_4,23.932025005065714,976.0679749949343
2025-03-24,Supply_5,17.743490955439313,982.2565090445607
2025-03-24,Supply_6,53.584511866109985,946.41548813389
2025-03-24,Supply_7,42.56344894462482,957.4365510553752
2025-03-24,Supply_8,47.56034507681176,952.4396549231883
2025-03-24,Supply_9,35.44650827199971,964.5534917280003
2025-03-24,Supply_10,35.37640263269809,964.623597367302
2025-03-25,Supply_1,43.37567812268267,956.6243218773174
2025-03-25,Supply_2,26.534916194326538,973.4650838056734
2025-03-25,Supply_3,21.617808725940105,978.3821912740599
2025-03-25,Supply_4,61.511890104556144,938.4881098954438
2025-03-25,Supply_5,38.38031120383378,961.6196887961662
2025-03-25,Supply_6,26.225540380876343,973.7744596191236
2025-03-25,Supply_7,39.64955073906765,960.3504492609324
2025-03-25,Supply_8,57.92001609733008,942.0799839026699
2025-03-25,Supply_9,27.14303879799425,972.8569612020058
2025-03-25,Supply_10,65.70332492958163,934.2966750704184
2025-03-26,Supply_1,58.322185524717916,941.677814475282
2025-03-26,Supply_2,54.722290292793446,945.2777097072066
2025-03-26,Supply_3,58.86940684281022,941.1305931571898
2025-03-26,Supply_4,31.92367350739533,968.0763264926047
2025-03-26,Supply_5,27.601333315349937,972.39866668465
2025-03-26,Supply_6,46.531525725887434,953.4684742741126
2025-03-26,Supply_7,46.32876177873793,953.6712382212621
2025-03-26,Supply_8,56.56289294137812,943.4371070586219
2025-03-26,Supply_9,40.27646300991177,959.7235369900882
2025-03-26,Supply_10,48.48493901878137,951.5150609812187
2025-03-27,Supply_1,27.91200038840734,972.0879996115926
2025-03-27,Supply_2,26.10840145062106,973.891598549379
2025-03-27,Supply_3,13.066860634706874,986.9331393652931
2025-03-27,Supply_4,29.232263994389438,970.7677360056106
2025-03-27,Supply_5,16.90095099844561,983.0990490015544
2025-03-27,Supply_6,21.41747681455239,978.5825231854476
2025-03-27,Supply_7,22.3725551814359,977.6274448185641
2025-03-27,Supply_8,42.62262989198014,957.3773701080198
2025-03-27,Supply_9,47.16536103799197,952.8346389620081
2025-03-27,Supply_10,35.62590506417056,964.3740949358295
2025-03-28,Supply_1,27.11775479174474,972.8822452082553
2025-03-28,Supply_2,28.93228006064341,971.0677199393566
2025-03-28,Supply_3,33.78793588048625,966.2120641195138
2025-03-28,Supply_4,41.906518570396294,958.0934814296037
2025-03-28,Supply_5,15.547052735248846,984.4529472647512
2025-03-28,Supply_6,50.09542157100813,949.9045784289918
2025-03-28,Supply_7,65.47344726349034,934.5265527365096
2025-03-28,Supply_8,16.733530037921998,983.266469962078
2025-03-28,Supply_9,54.147944483429626,945.8520555165703
2025-03-28,Supply_10,19.39878959739923,980.6012104026008
2025-03-29,Supply_1,,1000.0
2025-03-29,Supply_2,29.05008163675205,970.949918363248
2025-03-29,Supply_3,42.78535991792259,957.2146400820774
2025-03-29,Supply_4,24.767631458558277,975.2323685414417
2025-03-29,Supply_5,23.741510425455484,976.2584895745446
2025-03-29,Supply_6,63.53249835416192,936.4675016458381
2025-03-29,Supply_7,34.38983760460113,965.6101623953989
2025-03-29,Supply_8,57.71007359192308,942.2899264080769
2025-03-29,Supply_9,37.658692376956,962.341307623044
2025-03-29,Supply_10,37.488761157129005,962.511238842871
2025-03-30,Supply_1,38.23424157427573,961.7657584257242
2025-03-30,Supply_2,38.78176586792422,961.2182341320757
2025-03-30,Supply_3,20.089374161315092,979.910625838685
2025-03-30,Supply_4,24.98312376505593,975.0168762349441
2025-03-30,Supply_5,,1000.0
2025-03-30,Supply_6,11.524230899156727,988.4757691008433
2025-03-30,Supply_7,17.347963250867192,982.6520367491328
2025-03-30,Supply_8,13.492419280211651,986.5075807197884
2025-03-30,Supply_9,14.427910372392347,985.5720896276076
2025-03-30,Supply_10,31.999260878493484,968.0007391215065
2025-03-31,Supply_1,39.639006127721466,960.3609938722785
2025-03-31,Supply_2,33.6234828949407,966.3765171050593
2025-03-31,Supply_3,15.247983510878152,984.7520164891218
2025-03-31,Supply_4,44.315088272063555,955.6849117279364
2025-03-31,Supply_5,39.75752047503576,960.2424795249642
2025-03-31,Supply_6,53.549611252934795,946.4503887470652
2025-03-31,Supply_7,,1000.0
2025-03-31,Supply_8,48.123786053315875,951.8762139466842
2025-03-31,Supply_9,29.59778839050026,970.4022116094998
2025-03-31,Supply_10,55.96542927203523,944.0345707279648
2025-04-01,Supply_1,33.90461308062924,966.0953869193708
2025-04-01,Supply_2,21.603336878713517,978.3966631212865
2025-04-01,Supply_3,16.300103728624844,983.6998962713751
2025-04-01,Supply_4,32.329271460426455,967.6707285395736
2025-04-01,Supply_5,20.22335940935792,979.776640590642
2025-04-01,Supply_6,27.785824933828508,972.2141750661715
2025-04-01,Supply_7,24.014230066758337,975.9857699332416
2025-04-01,Supply_8,31.553891231228175,968.4461087687719
2025-04-01,Supply_9,16.022124359338413,983.9778756406616
2025-04-01,Supply_10,56.12727313673208,943.8727268632679
2025-04-02,Supply_1,27.785412110112116,972.2145878898879
2025-04-02,Supply_2,44.00683053018327,955.9931694698167
2025-04-02,Supply_3,37.23503820313789,962.764961796862
2025-04-02,Supply_4,34.607617613425326,965.3923823865747
2025-04-02,Supply_5,36.82185819223949,963.1781418077605
2025-04-02,Supply_6,28.31919120274001,971.6808087972599
2025-04-02,Supply_7,15.900424779775658,984.0995752202243
2025-04-02,Supply_8,48.878801102084715,951.1211988979153
2025-04-02,Supply_9,42.43433406501497,957.5656659349851
2025-04-02,Supply_10,20.90118934989328,979.0988106501068
2025-04-03,Supply_1,11.486194656190454,988.5138053438095
2025-04-03,Supply_2,41.45477793614551,958.5452220638545
2025-04-03,Supply_3,22.2397456571281,977.7602543428719
2025-04-03,Supply_4,36.07500090698013,963.9249990930199
2025-04-03,Supply_5,12.353195050094302,987.6468049499057
2025-04-03,Supply_6,11.940522857091583,988.0594771429085
2025-04-03,Supply_7,24.475209064661602,975.5247909353384
2025-04-03,Supply_8,21.863333100704725,978.1366668992953
2025-04-03,Supply_9,39.46208669062683,960.5379133093732
2025-04-03,Supply_10,38.10623060456824,961.8937693954317
2025-04-04,Supply_1,13.553236449245096,986.4467635507549
2025-04-04,Supply_2,26.863375915466715,973.1366240845333
2025-04-04,Supply_3,10.429078551593078,989.5709214484069
2025-04-04,Supply_4,24.762842822102847,975.2371571778972
2025-04-04,Supply_5,21.551046294000933,978.4489537059991
2025-04-04,Supply_6,,1000.0
2025-04-04,Supply_7,23.632605961056196,976.3673940389438
2025-04-04,Supply_8,24.120008781583437,975.8799912184165
2025-04-04,Supply_9,27.92053187519873,972.0794681248012
2025-04-04,Supply_10,23.389098882196087,976.6109011178039
2025-04-05,Supply_1,35.214607766236,964.785392233764
2025-04-05,Supply_2,24.904053356849932,975.0959466431501
2025-04-05,Supply_3,24.50131394497649,975.4986860550235
2025-04-05,Supply_4,15.331063020581468,984.6689369794185
2025-04-05,Supply_5,9.581169668458699,990.4188303315414
2025-04-05,Supply_6,14.00931121668923,985.9906887833108
2025-04-05,Supply_7,19.08772029560476,980.9122797043952
2025-04-05,Supply_8,31.044821427882717,968.9551785721172
2025-04-05,Supply_9,34.52878295812629,965.4712170418737
2025-04-05,Supply_10,14.221487746775091,985.7785122532249
2025-04-06,Supply_1,19.442697675925277,980.5573023240747
2025-04-06,Supply_2,23.64575163342267,976.3542483665773
2025-04-06,Supply_3,12.808251218995139,987.1917487810049
2025-04-06,Supply_4,31.86134411690484,968.1386558830951
2025-04-06,Supply_5,35.36284477416344,964.6371552258365
2025-04-06,Supply_6,29.583325866884813,970.4166741331152
2025-04-06,Supply_7,40.707931176779816,959.2920688232202
2025-04-06,Supply_8,35.2315313975028,964.7684686024973
2025-04-06,Supply_9,40.634874561162455,959.3651254388376
2025-04-06,Supply_10,29.795693579904935,970.204306420095
2025-04-07,Supply_1,25.36024522197773,974.6397547780223
2025-04-07,Supply_2,49.22996288813198,950.7700371118681
2025-04-07,Supply_3,24.258828517181726,975.7411714828182
2025-04-07,Supply_4,27.81143304376684,972.1885669562332
2025-04-07,Supply_5,46.55946498623876,953.4405350137613
2025-04-07,Supply_6,36.67904387541948,963.3209561245806
2025-04-07,Supply_7,38.004719652051854,961.9952803479481
2025-04-07,Supply_8,53.15698365622832,946.8430163437716
2025-04-07,Supply_9,31.211701522552108,968.7882984774479
2025-04-07,Supply_10,27.157804218127385,972.8421957818726
2025-04-08,Supply_1,18.445126706350187,981.5548732936498
2025-04-08,Supply_2,30.571320330166877,969.4286796698332
2025-04-08,Supply_3,29.416756016338017,970.583243983662
2025-04-08,Supply_4,24.505284451908956,975.494715548091
2025-04-08,Supply_5,39.25432808068984,960.7456719193102
2025-04-08,Supply_6,20.15801268141542,979.8419873185845
2025-04-08,Supply_7,17.726619346887773,982.2733806531122
2025-04-08,Supply_8,35.114971734070735,964.8850282659292
2025-04-08,Supply_9,30.103822476083188,969.8961775239168
2025-04-08,Supply_10,12.165831450821342,987.8341685491787
2025-04-09,Supply_1,37.502030360212835,962.4979696397871
2025-04-09,Supply_2,32.43257238687068,967.5674276131293
2025-04-09,Supply_3,15.774220223554218,984.2257797764457
2025-04-09,Supply_4,32.48119277383799,967.518807226162
2025-04-09,Supply_5,29.490860339373558,970.5091396606265
2025-04-09,Supply_6,10.565330790197677,989.4346692098023
2025-04-09,Supply_7,16.526484626737773,983.4735153732622
2025-04-09,Supply_8,19.65633828581317,980.3436617141869
2025-04-09,Supply_9,12.779613947519579,987.2203860524804
2025-04-09,Supply_10,19.511344846881734,980.4886551531183
2025-04-10,Supply_1,33.03529989099641,966.9647001090036
2025-04-10,Supply_2,40.90619715734515,959.0938028426549
2025-04-10,Supply_3,33.396248931727015,966.603751068273
2025-04-10,Supply_4,36.03618404160285,963.9638159583972
2025-04-10,Supply_5,22.605817039285117,977.3941829607148
2025-04-10,Supply_6,11.808164088590669,988.1918359114094
2025-04-10,Supply_7,42.045263244070796,957.9547367559292
2025-04-10,Supply_8,30.634689643446077,969.3653103565539
2025-04-10,Supply_9,25.73905979459362,974.2609402054064
2025-04-10,Supply_10,32.76823470968835,967.2317652903116
2025-04-11,Supply_1,39.78351655027316,960.2164834497269
2025-04-11,Supply_2,39.38146311747801,960.618536882522
2025-04-11,Supply_3,31.371378453467297,968.6286215465327
2025-04-11,Supply_4,18.05068733069298,981.949312669307
2025-04-11,Supply_5,32.98607493312638,967.0139250668736
2025-04-11,Supply_6,27.628037185989033,972.371962814011
2025-04-11,Supply_7,47.79119999438563,952.2088000056144
2025-04-11,Supply_8,44.58343676054128,955.4165632394587
2025-04-11,Supply_9,40.555516596231456,959.4444834037686
2025-04-11,Supply_10,20.364573209437292,979.6354267905627
2025-04-12,Supply_1,74.33163752922331,925.6683624707766
2025-04-12,Supply_2,46.87058528919542,953.1294147108046
2025-04-12,Supply_3,73.6106745032725,926.3893254967275
2025-04-12,Supply_4,32.03660123122026,967.9633987687797
2025-04-12,Supply_5,36.753726949475094,963.2462730505249
2025-04-12,Supply_6,71.58910350224747,928.4108964977526
2025-04-12,Supply_7,26.305408353152888,973.6945916468471
2025-04-12,Supply_8,63.11471885314642,936.8852811468536
2025-04-12,Supply_9,24.33260104811779,975.6673989518822
2025-04-12,Supply_10,75.50398394481881,924.4960160551811
2025-04-13,Supply_1,23.126186348479695,976.8738136515203
2025-04-13,Supply_2,64.52797035119849,935.4720296488015
2025-04-13,Supply_3,53.775802271578755,946.2241977284212
2025-04-13,Supply_4,39.48638906750118,960.5136109324989
2025-04-13,Supply_5,25.58423999268517,974.4157600073148
2025-04-13,Supply_6,18.95440409667153,981.0455959033285
2025-04-13,Supply_7,17.520613565110104,982.4793864348899
2025-04-13,Supply_8,41.96802366752561,958.0319763324744
2025-04-13,Supply_9,26.14700191510097,973.852998084899
2025-04-13,Supply_10,32.68387278722246,967.3161272127776
2025-04-14,Supply_1,16.552977924356288,983.4470220756438
2025-04-14,Supply_2,40.98457990779202,959.0154200922079
2025-04-14,Supply_3,36.084988102569085,963.9150118974309
2025-04-14,Supply_4,21.00944848931683,978.9905515106832
2025-04-14,Supply_5,13.990914598366409,986.0090854016336
2025-04-14,Supply_6,18.994617207858887,981.0053827921411
2025-04-14,Supply_7,32.23279900870255,967.7672009912975
2025-04-14,Supply_8,19.664534663443604,980.3354653365564
2025-04-14,Supply_9,35.09243123088722,964.9075687691128
2025-04-14,Supply_10,23.07439507348093,976.9256049265191
2025-04-15,Supply_1,27.150686469165564,972.8493135308345
2025-04-15,Supply_2,60.0619736789997,939.9380263210003
2025-04-15,Supply_3,72.98764163366249,927.0123583663375
2025-04-15,Supply_4,27.12183587262014,972.8781641273798
2025-04-15,Supply_5,39.198181048723335,960.8018189512767
2025-04-15,Supply_6,42.15569111756277,957.8443088824372
2025-04-15,Supply_7,64.80932716366787,935.1906728363322
2025-04-15,Supply_8,46.26229629944773,953.7377037005523
2025-04-15,Supply_9,56.773596598117756,943.2264034018823
2025-04-15,Supply_10,32.414635724692104,967.5853642753079
2025-04-16,Supply_1,71.01591295616892,928.9840870438311
2025-04-16,Supply_2,23.660334421830562,976.3396655781694
2025-04-16,Supply_3,26.89859243694248,973.1014075630575
2025-04-16,Supply_4,18.590842802884847,981.4091571971152
2025-04-16,Supply_5,19.901380576869453,980.0986194231306
2025-04-16,Supply_6,47.899787257502275,952.1002127424978
2025-04-16,Supply_7,,1000.0
2025-04-16,Supply_8,22.853847707789754,977.1461522922102
2025-04-16,Supply_9,24.563429816381124,975.4365701836189
2025-04-16,Supply_10,67.23865378492948,932.7613462150705
2025-04-17,Supply_1,32.51061606501325,967.4893839349868
2025-04-17,Supply_2,53.39956363950735,946.6004363604926
2025-04-17,Supply_3,35.27692350283866,964.7230764971613
2025-04-17,Supply_4,39.62034303798946,960.3796569620106
2025-04-17,Supply_5,20.188850940655552,979.8111490593444
2025-04-17,Supply_6,55.54822915776891,944.4517708422311
2025-04-17,Supply_7,23.66860192352051,976.3313980764794
2025-04-17,Supply_8,13.212142219931076,986.787857780069
2025-04-17,Supply_9,18.95908915319777,981.0409108468023
2025-04-17,Supply_10,60.075686932602274,939.9243130673977
2025-04-18,Supply_1,15.038783383735232,984.9612166162648
2025-04-18,Supply_2,46.87243730636724,953.1275626936327
2025-04-18,Supply_3,33.12115710060804,966.878842899392
2025-04-18,Supply_4,,1000.0
2025-04-18,Supply_5,17.160127852680894,982.839872147319
2025-04-18,Supply_6,21.36628253447999,978.63371746552
2025-04-18,Supply_7,54.42098646278341,945.5790135372166
2025-04-18,Supply_8,19.4053435761972,980.5946564238028
2025-04-18,Supply_9,51.147009964909465,948.8529900350906
2025-04-18,Supply_10,35.543971076928024,964.4560289230719
2025-04-19,Supply_1,,1000.0
2025-04-19,Supply_2,29.3130619688462,970.6869380311538
2025-04-19,Supply_3,22.05025344103214,977.9497465589678
2025-04-19,Supply_4,39.042472788868906,960.957527211131
2025-04-19,Supply_5,44.665607701186104,955.3343922988139
2025-04-19,Supply_6,51.65709428409477,948.3429057159052
2025-04-19,Supply_7,44.041775690812216,955.9582243091878
2025-04-19,Supply_8,32.9104543249685,967.0895456750316
2025-04-19,Supply_9,21.0450777968541,978.9549222031459
2025-04-19,Supply_10,54.2125583258483,945.7874416741518
2025-04-20,Supply_1,38.15478776695033,961.8452122330497
2025-04-20,Supply_2,43.26363086821819,956.7363691317818
2025-04-20,Supply_3,17.40047467693835,982.5995253230617
2025-04-20,Supply_4,35.94332518405908,964.0566748159409
2025-04-20,Supply_5,22.858929950592437,977.1410700494075
2025-04-20,Supply_6,56.266378957343925,943.7336210426561
2025-04-20,Supply_7,37.75653273726023,962.2434672627397
2025-04-20,Supply_8,42.09242766958481,957.9075723304152
2025-04-20,Supply_9,17.866989953796175,982.1330100462038
2025-04-20,Supply_10,,1000.0
2025-04-21,Supply_1,75.17068991209987,924.8293100879001
2025-04-21,Supply_2,48.25384268299693,951.746157317003
2025-04-21,Supply_3,65.50884313494107,934.4911568650589
2025-04-21,Supply_4,33.61570049070881,966.3842995092912
2025-04-21,Supply_5,45.25337094786571,954.7466290521343
2025-04-21,Supply_6,43.46977584654292,956.5302241534571
2025-04-21,Supply_7,32.69181607148017,967.3081839285198
2025-04-21,Supply_8,64.2101292497074,935.7898707502926
2025-04-21,Supply_9,18.860515593796013,981.139484406204
2025-04-21,Supply_10,67.09138795673864,932.9086120432613
2025-04-22,Supply_1,35.783013362268164,964.2169866377318
2025-04-22,Supply_2,18.976041840387015,981.023958159613
2025-04-22,Supply_3,38.21713484944494,961.782865150555
2025-04-22,Supply_4,42.6148810740541,957.3851189259459
2025-04-22,Supply_5,17.831804565482784,982.1681954345172
2025-04-22,Supply_6,42.40261921683759,957.5973807831624
2025-04-22,Supply_7,17.71842626128663,982.2815737387134
2025-04-22,Supply_8,15.172827400613837,984.8271725993861
2025-04-22,Supply_9,19.090553896708897,980.9094461032911
2025-04-22,Supply_10,28.573661600149787,971.4263383998502
2025-04-23,Supply_1,43.75093015908402,956.249069840916
2025-04-23,Supply_2,56.04085128946743,943.9591487105325
2025-04-23,Supply_3,43.46497544883496,956.5350245511651
2025-04-23,Supply_4,45.842664585022646,954.1573354149773
2025-04-23,Supply_5,55.064971876707105,944.9350281232929
2025-04-23,Supply_6,26.56233657437399,973.437663425626
2025-04-23,Supply_7,54.974499189439506,945.0255008105605
2025-04-23,Supply_8,64.82335207684596,935.1766479231541
2025-04-23,Supply_9,44.59929718636901,955.400702813631
2025-04-23,Supply_10,66.70250896675267,933.2974910332473
2025-04-24,Supply_1,54.285449583105276,945.7145504168948
2025-04-24,Supply_2,26.039673031343177,973.9603269686568
2025-04-24,Supply_3,47.30706003630362,952.6929399636964
2025-04-24,Supply_4,33.13172674945808,966.868273250542
2025-04-24,Supply_5,25.814102379720257,974.1858976202798
2025-04-24,Supply_6,31.825468096973523,968.1745319030265
2025-04-24,Supply_7,38.00963082267952,961.9903691773205
2025-04-24,Supply_8,47.71832368220802,952.281676317792
2025-04-24,Supply_9,38.54645207874375,961.4535479212562
2025-04-24,Supply_10,44.37168039206715,955.6283196079329
2025-04-25,Supply_1,27.09779989324692,972.9022001067531
2025-04-25,Supply_2,49.950599109085786,950.0494008909142
2025-04-25,Supply_3,52.24485064166615,947.7551493583338
2025-04-25,Supply_4,17.201076742040392,982.7989232579596
2025-04-25,Supply_5,32.774062334618705,967.2259376653813
2025-04-25,Supply_6,23.068319365179384,976.9316806348206
2025-04-25,Supply_7,48.69649303998932,951.3035069600107
2025-04-25,Supply_8,19.869407230014982,980.130592769985
2025-04-25,Supply_9,54.92139455893204,945.0786054410679
2025-04-25,Supply_10,24.644226639874486,975.3557733601256
2025-04-26,Supply_1,10.9843607410124,989.0156392589876
2025-04-26,Supply_2,16.751212412353166,983.2487875876468
2025-04-26,Supply_3,23.07473761763819,976.9252623823618
2025-04-26,Supply_4,15.157674916707345,984.8423250832926
2025-04-26,Supply_5,12.382528560051496,987.6174714399485
2025-04-26,Supply_6,11.850529597230217,988.1494704027698
2025-04-26,Supply_7,10.646952809250948,989.3530471907491
2025-04-26,Supply_8,12.142337464922127,987.8576625350779
2025-04-26,Supply_9,25.57738622759912,974.4226137724008
2025-04-26,Supply_10,6.36638929857064,993.6336107014293
2025-04-27,Supply_1,19.887699688011757,980.1123003119883
2025-04-27,Supply_2,44.75120296197427,955.2487970380257
2025-04-27,Supply_3,66.32699415582172,933.6730058441783
2025-04-27,Supply_4,22.53615121705585,977.4638487829442
2025-04-27,Supply_5,53.43007338987034,946.5699266101296
2025-04-27,Supply_6,41.02237611024288,958.9776238897571
2025-04-27,Supply_7,47.04306666786564,952.9569333321343
2025-04-27,Supply_8,62.676238675969444,937.3237613240306
2025-04-27,Supply_9,72.06146412331296,927.9385358766871
2025-04-27,Supply_10,45.67804043733786,954.3219595626622
2025-04-28,Supply_1,29.990526174624613,970.0094738253754
2025-04-28,Supply_2,36.76789741888341,963.2321025811166
2025-04-28,Supply_3,30.97298214658999,969.02701785341
2025-04-28,Supply_4,30.532474878600077,969.4675251214
2025-04-28,Supply_5,29.069140555421253,970.9308594445788
2025-04-28,Supply_6,,1000.0
2025-04-28,Supply_7,41.14271313520205,958.857286864798
2025-04-28,Supply_8,30.966726148559008,969.033273851441
2025-04-28,Supply_9,15.200567586830193,984.7994324131698
2025-04-28,Supply_10,43.854321837523,956.145678162477
2025-04-29,Supply_1,43.92239566627213,956.0776043337279
2025-04-29,Supply_2,53.197868085590585,946.8021319144094
2025-04-29,Supply_3,21.49499941942827,978.5050005805717
2025-04-29,Supply_4,61.530387618497144,938.4696123815029
2025-04-29,Supply_5,38.91404013890569,961.0859598610944
2025-04-29,Supply_6,66.90647124657099,933.093528753429
2025-04-29,Supply_7,47.25465990991779,952.7453400900822
2025-04-29,Supply_8,66.01275303722691,933.987246962773
2025-04-29,Supply_9,69.70315869904975,930.2968413009503
2025-04-29,Supply_10,39.38457165796641,960.6154283420336
2025-04-30,Supply_1,34.97398414235134,965.0260158576486
2025-04-30,Supply_2,44.76902280580395,955.230977194196
2025-04-30,Supply_3,58.95107610069776,941.0489238993023
2025-04-30,Supply_4,47.19074762999597,952.8092523700041
2025-04-30,Supply_5,46.91928302260374,953.0807169773963
2025-04-30,Supply_6,23.74230543116635,976.2576945688337
2025-04-30,Supply_7,64.95567286972208,935.0443271302779
2025-04-30,Supply_8,21.987680240744496,978.0123197592555
2025-04-30,Supply_9,36.41703337040343,963.5829666295965
2025-04-30,Supply_10,52.243396293385935,947.7566037066141
